tool_generator_000001,moodlex
tool_generator_000002,moodlex
tool_generator_000003,moodlex
tool_generator_000004,moodlex
tool_generator_000005,moodlex
tool_generator_000006,moodlex
tool_generator_000007,moodlex
tool_generator_000008,moodlex
tool_generator_000009,moodlex
tool_generator_000010,moodlex
tool_generator_000011,moodlex
tool_generator_000012,moodlex
tool_generator_000013,moodlex
tool_generator_000014,moodlex
tool_generator_000015,moodlex
tool_generator_000016,moodlex
tool_generator_000017,moodlex
tool_generator_000018,moodlex
tool_generator_000019,moodlex
tool_generator_000020,moodlex
tool_generator_000021,moodlex
tool_generator_000022,moodlex
tool_generator_000023,moodlex
tool_generator_000024,moodlex
tool_generator_000025,moodlex
tool_generator_000026,moodlex
tool_generator_000027,moodlex
tool_generator_000028,moodlex
tool_generator_000029,moodlex
tool_generator_000030,moodlex
tool_generator_000031,moodlex
tool_generator_000032,moodlex
tool_generator_000033,moodlex
tool_generator_000034,moodlex
tool_generator_000035,moodlex
tool_generator_000036,moodlex
tool_generator_000037,moodlex
tool_generator_000038,moodlex
tool_generator_000039,moodlex
tool_generator_000040,moodlex
tool_generator_000041,moodlex
tool_generator_000042,moodlex
tool_generator_000043,moodlex
tool_generator_000044,moodlex
tool_generator_000045,moodlex
tool_generator_000046,moodlex
tool_generator_000047,moodlex
tool_generator_000048,moodlex
tool_generator_000049,moodlex
tool_generator_000050,moodlex
tool_generator_000051,moodlex
tool_generator_000052,moodlex
tool_generator_000053,moodlex
tool_generator_000054,moodlex
tool_generator_000055,moodlex
tool_generator_000056,moodlex
tool_generator_000057,moodlex
tool_generator_000058,moodlex
tool_generator_000059,moodlex
tool_generator_000060,moodlex
tool_generator_000061,moodlex
tool_generator_000062,moodlex
tool_generator_000063,moodlex
tool_generator_000064,moodlex
tool_generator_000065,moodlex
tool_generator_000066,moodlex
tool_generator_000067,moodlex
tool_generator_000068,moodlex
tool_generator_000069,moodlex
tool_generator_000070,moodlex
tool_generator_000071,moodlex
tool_generator_000072,moodlex
tool_generator_000073,moodlex
tool_generator_000074,moodlex
tool_generator_000075,moodlex
tool_generator_000076,moodlex
tool_generator_000077,moodlex
tool_generator_000078,moodlex
tool_generator_000079,moodlex
tool_generator_000080,moodlex
tool_generator_000081,moodlex
tool_generator_000082,moodlex
tool_generator_000083,moodlex
tool_generator_000084,moodlex
tool_generator_000085,moodlex
tool_generator_000086,moodlex
tool_generator_000087,moodlex
tool_generator_000088,moodlex
tool_generator_000089,moodlex
tool_generator_000090,moodlex
tool_generator_000091,moodlex
tool_generator_000092,moodlex
tool_generator_000093,moodlex
tool_generator_000094,moodlex
tool_generator_000095,moodlex
tool_generator_000096,moodlex
tool_generator_000097,moodlex
tool_generator_000098,moodlex
tool_generator_000099,moodlex
tool_generator_000100,moodlex