tool_generator_000001,warwick
tool_generator_000002,warwick
tool_generator_000003,warwick
tool_generator_000004,warwick
tool_generator_000005,warwick
tool_generator_000006,warwick
tool_generator_000007,warwick
tool_generator_000008,warwick
tool_generator_000009,warwick
tool_generator_000010,warwick
tool_generator_000011,warwick
tool_generator_000012,warwick
tool_generator_000013,warwick
tool_generator_000014,warwick
tool_generator_000015,warwick
tool_generator_000016,warwick
tool_generator_000017,warwick
tool_generator_000018,warwick
tool_generator_000019,warwick
tool_generator_000020,warwick
tool_generator_000021,warwick
tool_generator_000022,warwick
tool_generator_000023,warwick
tool_generator_000024,warwick
tool_generator_000025,warwick
tool_generator_000026,warwick
tool_generator_000027,warwick
tool_generator_000028,warwick
tool_generator_000029,warwick
tool_generator_000030,warwick
tool_generator_000031,warwick
tool_generator_000032,warwick
tool_generator_000033,warwick
tool_generator_000034,warwick
tool_generator_000035,warwick
tool_generator_000036,warwick
tool_generator_000037,warwick
tool_generator_000038,warwick
tool_generator_000039,warwick
tool_generator_000040,warwick
tool_generator_000041,warwick
tool_generator_000042,warwick
tool_generator_000043,warwick
tool_generator_000044,warwick
tool_generator_000045,warwick
tool_generator_000046,warwick
tool_generator_000047,warwick
tool_generator_000048,warwick
tool_generator_000049,warwick
tool_generator_000050,warwick
tool_generator_000051,warwick
tool_generator_000052,warwick
tool_generator_000053,warwick
tool_generator_000054,warwick
tool_generator_000055,warwick
tool_generator_000056,warwick
tool_generator_000057,warwick
tool_generator_000058,warwick
tool_generator_000059,warwick
tool_generator_000060,warwick
tool_generator_000061,warwick
tool_generator_000062,warwick
tool_generator_000063,warwick
tool_generator_000064,warwick
tool_generator_000065,warwick
tool_generator_000066,warwick
tool_generator_000067,warwick
tool_generator_000068,warwick
tool_generator_000069,warwick
tool_generator_000070,warwick
tool_generator_000071,warwick
tool_generator_000072,warwick
tool_generator_000073,warwick
tool_generator_000074,warwick
tool_generator_000075,warwick
tool_generator_000076,warwick
tool_generator_000077,warwick
tool_generator_000078,warwick
tool_generator_000079,warwick
tool_generator_000080,warwick
tool_generator_000081,warwick
tool_generator_000082,warwick
tool_generator_000083,warwick
tool_generator_000084,warwick
tool_generator_000085,warwick
tool_generator_000086,warwick
tool_generator_000087,warwick
tool_generator_000088,warwick
tool_generator_000089,warwick
tool_generator_000090,warwick
tool_generator_000091,warwick
tool_generator_000092,warwick
tool_generator_000093,warwick
tool_generator_000094,warwick
tool_generator_000095,warwick
tool_generator_000096,warwick
tool_generator_000097,warwick
tool_generator_000098,warwick
tool_generator_000099,warwick
tool_generator_000100,warwick